source_frame,trajectory_index,hand,tcp_x_m,tcp_y_m,tcp_z_m,step_dx_mm,step_dy_mm,step_dz_mm,step_dxy_mm,openness,finger_q0_m,finger_q1_m
770,770,left,0.696188633,0.221265564,0.893455245,0.000000,0.000000,0.000000,0.000000,1.000000,0.043994755,0.044005886
770,770,right,0.699109675,-0.280412999,0.898474868,0.000000,0.000000,0.000000,0.000000,1.000000,0.043999493,0.044000268
771,771,left,0.696188633,0.221265564,0.893455245,0.000000,0.000000,0.000000,0.000000,1.000000,0.043994755,0.044005886
771,771,right,0.699109675,-0.280412999,0.898474868,0.000000,0.000000,0.000000,0.000000,1.000000,0.043999493,0.044000268
772,772,left,0.696188633,0.221265564,0.893455245,0.000000,0.000000,0.000000,0.000000,1.000000,0.043994755,0.044005886
772,772,right,0.699109675,-0.280412999,0.898474868,0.000000,0.000000,0.000000,0.000000,1.000000,0.043999493,0.044000268
773,773,left,0.696188633,0.221265564,0.893455245,0.000000,0.000000,0.000000,0.000000,1.000000,0.043994755,0.044005886
773,773,right,0.699109675,-0.280412999,0.898474868,0.000000,0.000000,0.000000,0.000000,1.000000,0.043999493,0.044000268
774,774,left,0.696188633,0.221265564,0.893455245,0.000000,0.000000,0.000000,0.000000,1.000000,0.043994755,0.044005886
774,774,right,0.699109675,-0.280412999,0.898474868,0.000000,0.000000,0.000000,0.000000,1.000000,0.043999493,0.044000268
775,775,left,0.696188633,0.221265564,0.893455245,0.000000,0.000000,0.000000,0.000000,1.000000,0.043994755,0.044005886
775,775,right,0.699109675,-0.280412999,0.898474868,0.000000,0.000000,0.000000,0.000000,1.000000,0.043999493,0.044000268
776,776,left,0.696188633,0.221265564,0.893455245,0.000000,0.000000,0.000000,0.000000,1.000000,0.043994755,0.044005886
776,776,right,0.699109675,-0.280412999,0.898474868,0.000000,0.000000,0.000000,0.000000,1.000000,0.043999493,0.044000268
777,777,left,0.696188633,0.221265564,0.893455245,0.000000,0.000000,0.000000,0.000000,1.000000,0.043994755,0.044005886
777,777,right,0.699109675,-0.280412999,0.898474868,0.000000,0.000000,0.000000,0.000000,1.000000,0.043999493,0.044000268
778,778,left,0.696188633,0.221265564,0.893455245,0.000000,0.000000,0.000000,0.000000,1.000000,0.043994755,0.044005886
778,778,right,0.699109675,-0.280412999,0.898474868,0.000000,0.000000,0.000000,0.000000,1.000000,0.043999493,0.044000268
779,779,left,0.696188633,0.221265564,0.893455245,0.000000,0.000000,0.000000,0.000000,1.000000,0.043994755,0.044005886
779,779,right,0.699109675,-0.280412999,0.898474868,0.000000,0.000000,0.000000,0.000000,1.000000,0.043999493,0.044000268
780,780,left,0.696188633,0.221265564,0.893455245,0.000000,0.000000,0.000000,0.000000,1.000000,0.043994755,0.044005886
780,780,right,0.699109675,-0.280412999,0.898474868,0.000000,0.000000,0.000000,0.000000,1.000000,0.043999493,0.044000268
781,781,left,0.696188633,0.221265564,0.893455245,0.000000,0.000000,0.000000,0.000000,1.000000,0.043994755,0.044005886
781,781,right,0.699109675,-0.280412999,0.898474868,0.000000,0.000000,0.000000,0.000000,1.000000,0.043999493,0.044000268
782,782,left,0.696188633,0.221265564,0.893455245,0.000000,0.000000,0.000000,0.000000,1.000000,0.043994755,0.044005886
782,782,right,0.699109675,-0.280412999,0.898474868,0.000000,0.000000,0.000000,0.000000,1.000000,0.043999493,0.044000268
783,783,left,0.696188633,0.221265564,0.893455245,0.000000,0.000000,0.000000,0.000000,1.000000,0.043994755,0.044005886
783,783,right,0.699109675,-0.280412999,0.898474868,0.000000,0.000000,0.000000,0.000000,1.000000,0.043999493,0.044000268
784,784,left,0.696188633,0.221265564,0.893455245,0.000000,0.000000,0.000000,0.000000,1.000000,0.043994755,0.044005886
784,784,right,0.699109675,-0.280412999,0.898474868,0.000000,0.000000,0.000000,0.000000,1.000000,0.043999493,0.044000268
785,785,left,0.696188633,0.221265564,0.893455245,0.000000,0.000000,0.000000,0.000000,1.000000,0.043994755,0.044005886
785,785,right,0.699109675,-0.280412999,0.898474868,0.000000,0.000000,0.000000,0.000000,1.000000,0.043999493,0.044000268
786,786,left,0.696188633,0.221265564,0.893455245,0.000000,0.000000,0.000000,0.000000,1.000000,0.043994755,0.044005886
786,786,right,0.699109675,-0.280412999,0.898474868,0.000000,0.000000,0.000000,0.000000,1.000000,0.043999493,0.044000268
787,787,left,0.696188633,0.221265564,0.893455245,0.000000,0.000000,0.000000,0.000000,1.000000,0.043994755,0.044005886
787,787,right,0.699109675,-0.280412999,0.898474868,0.000000,0.000000,0.000000,0.000000,1.000000,0.043999493,0.044000268
788,788,left,0.696188633,0.221265564,0.893455245,0.000000,0.000000,0.000000,0.000000,1.000000,0.043994755,0.044005886
788,788,right,0.699109675,-0.280412999,0.898474868,0.000000,0.000000,0.000000,0.000000,1.000000,0.043999493,0.044000268
789,789,left,0.696188633,0.221265564,0.893455245,0.000000,0.000000,0.000000,0.000000,1.000000,0.043994755,0.044005886
789,789,right,0.699109675,-0.280412999,0.898474868,0.000000,0.000000,0.000000,0.000000,1.000000,0.043999493,0.044000268
790,790,left,0.696188633,0.221265564,0.893455245,0.000000,0.000000,0.000000,0.000000,1.000000,0.043994755,0.044005886
790,790,right,0.699109675,-0.280412999,0.898474868,0.000000,0.000000,0.000000,0.000000,1.000000,0.043999493,0.044000268
791,791,left,0.696188633,0.221265564,0.893455245,0.000000,0.000000,0.000000,0.000000,1.000000,0.043994755,0.044005886
791,791,right,0.699109675,-0.280412999,0.898474868,0.000000,0.000000,0.000000,0.000000,1.000000,0.043999493,0.044000268
792,792,left,0.696188633,0.221265564,0.893455245,0.000000,0.000000,0.000000,0.000000,1.000000,0.043994755,0.044005886
792,792,right,0.699109675,-0.280412999,0.898474868,0.000000,0.000000,0.000000,0.000000,1.000000,0.043999493,0.044000268
793,793,left,0.696188633,0.221265564,0.893455245,0.000000,0.000000,0.000000,0.000000,1.000000,0.043994755,0.044005886
793,793,right,0.699109675,-0.280412999,0.898474868,0.000000,0.000000,0.000000,0.000000,1.000000,0.043999493,0.044000268
794,794,left,0.696188633,0.221265564,0.893455245,0.000000,0.000000,0.000000,0.000000,1.000000,0.043994755,0.044005886
794,794,right,0.699109675,-0.280412999,0.898474868,0.000000,0.000000,0.000000,0.000000,1.000000,0.043999493,0.044000268
795,795,left,0.696188633,0.221265564,0.893455245,0.000000,0.000000,0.000000,0.000000,1.000000,0.043994755,0.044005886
795,795,right,0.699109675,-0.280412999,0.898474868,0.000000,0.000000,0.000000,0.000000,1.000000,0.043999493,0.044000268
796,796,left,0.696188633,0.221265564,0.893455245,0.000000,0.000000,0.000000,0.000000,1.000000,0.043994755,0.044005886
796,796,right,0.699109675,-0.280412999,0.898474868,0.000000,0.000000,0.000000,0.000000,1.000000,0.043999493,0.044000268
797,797,left,0.696188633,0.221265564,0.893455245,0.000000,0.000000,0.000000,0.000000,1.000000,0.043994755,0.044005886
797,797,right,0.699109675,-0.280412999,0.898474868,0.000000,0.000000,0.000000,0.000000,1.000000,0.043999493,0.044000268
798,798,left,0.696188633,0.221265564,0.893455245,0.000000,0.000000,0.000000,0.000000,1.000000,0.043994755,0.044005886
798,798,right,0.699109675,-0.280412999,0.898474868,0.000000,0.000000,0.000000,0.000000,1.000000,0.043999493,0.044000268
799,799,left,0.696188633,0.221265564,0.893455245,0.000000,0.000000,0.000000,0.000000,1.000000,0.043994755,0.044005886
799,799,right,0.699109675,-0.280412999,0.898474868,0.000000,0.000000,0.000000,0.000000,1.000000,0.043999493,0.044000268
800,800,left,0.696188633,0.221265564,0.893455245,0.000000,0.000000,0.000000,0.000000,1.000000,0.043994755,0.044005886
800,800,right,0.699109675,-0.280412999,0.898474868,0.000000,0.000000,0.000000,0.000000,1.000000,0.043999493,0.044000268
801,801,left,0.696188633,0.221265564,0.893455245,0.000000,0.000000,0.000000,0.000000,1.000000,0.043994755,0.044005886
801,801,right,0.699109675,-0.280412999,0.898474868,0.000000,0.000000,0.000000,0.000000,1.000000,0.043999493,0.044000268
802,802,left,0.696188633,0.221265564,0.893455245,0.000000,0.000000,0.000000,0.000000,1.000000,0.043994755,0.044005886
802,802,right,0.699109675,-0.280412999,0.898474868,0.000000,0.000000,0.000000,0.000000,1.000000,0.043999493,0.044000268
803,803,left,0.696188633,0.221265564,0.893455245,0.000000,0.000000,0.000000,0.000000,1.000000,0.043994755,0.044005886
803,803,right,0.699109675,-0.280412999,0.898474868,0.000000,0.000000,0.000000,0.000000,1.000000,0.043999493,0.044000268
804,804,left,0.696188633,0.221265564,0.893455245,0.000000,0.000000,0.000000,0.000000,1.000000,0.043994755,0.044005886
804,804,right,0.699109675,-0.280412999,0.898474868,0.000000,0.000000,0.000000,0.000000,1.000000,0.043999493,0.044000268
805,805,left,0.696188633,0.221265564,0.893455245,0.000000,0.000000,0.000000,0.000000,1.000000,0.043994755,0.044005886
805,805,right,0.699109675,-0.280412999,0.898474868,0.000000,0.000000,0.000000,0.000000,1.000000,0.043999493,0.044000268
806,806,left,0.696188633,0.221265564,0.893455245,0.000000,0.000000,0.000000,0.000000,1.000000,0.043994755,0.044005886
806,806,right,0.699109675,-0.280412999,0.898474868,0.000000,0.000000,0.000000,0.000000,1.000000,0.043999493,0.044000268
807,807,left,0.696188633,0.221265564,0.893455245,0.000000,0.000000,0.000000,0.000000,1.000000,0.043994755,0.044005886
807,807,right,0.699109675,-0.280412999,0.898474868,0.000000,0.000000,0.000000,0.000000,1.000000,0.043999493,0.044000268
808,808,left,0.696188633,0.221265564,0.893455245,0.000000,0.000000,0.000000,0.000000,1.000000,0.043994755,0.044005886
808,808,right,0.699109675,-0.280412999,0.898474868,0.000000,0.000000,0.000000,0.000000,1.000000,0.043999493,0.044000268
809,809,left,0.696188633,0.221265564,0.893455245,0.000000,0.000000,0.000000,0.000000,1.000000,0.043994755,0.044005886
809,809,right,0.699109675,-0.280412999,0.898474868,0.000000,0.000000,0.000000,0.000000,1.000000,0.043999493,0.044000268
810,810,left,0.696188633,0.221265564,0.893455245,0.000000,0.000000,0.000000,0.000000,1.000000,0.043994755,0.044005886
810,810,right,0.699109675,-0.280412999,0.898474868,0.000000,0.000000,0.000000,0.000000,1.000000,0.043999493,0.044000268
811,811,left,0.696188633,0.221265564,0.893455245,0.000000,0.000000,0.000000,0.000000,1.000000,0.043994755,0.044005886
811,811,right,0.699109675,-0.280412999,0.898474868,0.000000,0.000000,0.000000,0.000000,1.000000,0.043999493,0.044000268
812,812,left,0.696188633,0.221265564,0.893455245,0.000000,0.000000,0.000000,0.000000,1.000000,0.043994755,0.044005886
812,812,right,0.699109675,-0.280412999,0.898474868,0.000000,0.000000,0.000000,0.000000,1.000000,0.043999493,0.044000268
813,813,left,0.696188633,0.221265564,0.893455245,0.000000,0.000000,0.000000,0.000000,1.000000,0.043994755,0.044005886
813,813,right,0.699109675,-0.280412999,0.898474868,0.000000,0.000000,0.000000,0.000000,1.000000,0.043999493,0.044000268
814,814,left,0.696188633,0.221265564,0.893455245,0.000000,0.000000,0.000000,0.000000,1.000000,0.043994755,0.044005886
814,814,right,0.699109675,-0.280412999,0.898474868,0.000000,0.000000,0.000000,0.000000,1.000000,0.043999493,0.044000268
815,815,left,0.696188633,0.221265564,0.893455245,0.000000,0.000000,0.000000,0.000000,1.000000,0.043994755,0.044005886
815,815,right,0.699109675,-0.280412999,0.898474868,0.000000,0.000000,0.000000,0.000000,1.000000,0.043999493,0.044000268
816,816,left,0.696188633,0.221265564,0.893455245,0.000000,0.000000,0.000000,0.000000,1.000000,0.043994755,0.044005886
816,816,right,0.699109675,-0.280412999,0.898474868,0.000000,0.000000,0.000000,0.000000,1.000000,0.043999493,0.044000268
817,817,left,0.696188633,0.221265564,0.893455245,0.000000,0.000000,0.000000,0.000000,1.000000,0.043994755,0.044005886
817,817,right,0.699109675,-0.280412999,0.898474868,0.000000,0.000000,0.000000,0.000000,1.000000,0.043999493,0.044000268
818,818,left,0.696188633,0.221265564,0.893455245,0.000000,0.000000,0.000000,0.000000,1.000000,0.043994755,0.044005886
818,818,right,0.699109675,-0.280412999,0.898474868,0.000000,0.000000,0.000000,0.000000,1.000000,0.043999493,0.044000268
819,819,left,0.696188633,0.221265564,0.893455245,0.000000,0.000000,0.000000,0.000000,1.000000,0.043994755,0.044005886
819,819,right,0.699109675,-0.280412999,0.898474868,0.000000,0.000000,0.000000,0.000000,1.000000,0.043999493,0.044000268
820,820,left,0.696188633,0.221265564,0.893455245,0.000000,0.000000,0.000000,0.000000,1.000000,0.043994755,0.044005886
820,820,right,0.699109675,-0.280412999,0.898474868,0.000000,0.000000,0.000000,0.000000,1.000000,0.043999493,0.044000268
821,821,left,0.696188633,0.221265564,0.893455245,0.000000,0.000000,0.000000,0.000000,1.000000,0.043994755,0.044005886
821,821,right,0.699109675,-0.280412999,0.898474868,0.000000,0.000000,0.000000,0.000000,1.000000,0.043999493,0.044000268
822,822,left,0.696188633,0.221265564,0.893455245,0.000000,0.000000,0.000000,0.000000,1.000000,0.043994755,0.044005886
822,822,right,0.699109675,-0.280412999,0.898474868,0.000000,0.000000,0.000000,0.000000,1.000000,0.043999493,0.044000268
823,823,left,0.696188633,0.221265564,0.893455245,0.000000,0.000000,0.000000,0.000000,1.000000,0.043994755,0.044005886
823,823,right,0.699109675,-0.280412999,0.898474868,0.000000,0.000000,0.000000,0.000000,1.000000,0.043999493,0.044000268
824,824,left,0.696188633,0.221265564,0.893455245,0.000000,0.000000,0.000000,0.000000,1.000000,0.043994755,0.044005886
824,824,right,0.699109675,-0.280412999,0.898474868,0.000000,0.000000,0.000000,0.000000,1.000000,0.043999493,0.044000268
825,825,left,0.696188633,0.221265564,0.893455245,0.000000,0.000000,0.000000,0.000000,1.000000,0.043994755,0.044005886
825,825,right,0.699109675,-0.280412999,0.898474868,0.000000,0.000000,0.000000,0.000000,1.000000,0.043999493,0.044000268
826,826,left,0.696188633,0.221265564,0.893455245,0.000000,0.000000,0.000000,0.000000,1.000000,0.043994755,0.044005886
826,826,right,0.699109675,-0.280412999,0.898474868,0.000000,0.000000,0.000000,0.000000,1.000000,0.043999493,0.044000268
827,827,left,0.696188633,0.221265564,0.893455245,0.000000,0.000000,0.000000,0.000000,1.000000,0.043994755,0.044005886
827,827,right,0.699109675,-0.280412999,0.898474868,0.000000,0.000000,0.000000,0.000000,1.000000,0.043999493,0.044000268
828,828,left,0.696188633,0.221265564,0.893455245,0.000000,0.000000,0.000000,0.000000,1.000000,0.043994755,0.044005886
828,828,right,0.699109675,-0.280412999,0.898474868,0.000000,0.000000,0.000000,0.000000,1.000000,0.043999493,0.044000268
829,829,left,0.696188633,0.221265564,0.893455245,0.000000,0.000000,0.000000,0.000000,1.000000,0.043994755,0.044005886
829,829,right,0.699109675,-0.280412999,0.898474868,0.000000,0.000000,0.000000,0.000000,1.000000,0.043999493,0.044000268
